current_file,proposed_file,type,section,name,spelling_fixed,site_page_number,spread_file,in_dropdown,in_page_turning
"Appetizers, Beverages and Party Foods - Aloha Dip.jpg",appetizers-aloha-dip.jpg,recipe,"Appetizers, Beverages and Party Foods",Aloha Dip,,22,Page 21 and 22.htm,yes,yes
"Appetizers, Beverages and Party Foods - Caso.jpg",appetizers-caso.jpg,recipe,"Appetizers, Beverages and Party Foods",Caso,,37,Page 37 and 38.htm,yes,yes
"Appetizers, Beverages and Party Foods - Cheese Ball.jpg",appetizers-cheese-ball.jpg,recipe,"Appetizers, Beverages and Party Foods",Cheese Ball,,23,Page 23 and 24.htm,yes,yes
"Appetizers, Beverages and Party Foods - Chilli Dip.jpg",appetizers-chili-dip.jpg,recipe,"Appetizers, Beverages and Party Foods",Chili Dip,yes,24,Page 23 and 24.htm,yes,yes
"Appetizers, Beverages and Party Foods - Corn Fritters.jpg",appetizers-corn-fritters.jpg,recipe,"Appetizers, Beverages and Party Foods",Corn Fritters,,40,Page 39 and 40.htm,no,yes
"Appetizers, Beverages and Party Foods - Dill Dip.jpg",appetizers-dill-dip.jpg,recipe,"Appetizers, Beverages and Party Foods",Dill Dip,,25,Page 25 and 26.htm,no,yes
"Appetizers, Beverages and Party Foods - Friendship Tea (Spiced Tea).jpg",appetizers-friendship-tea-spiced-tea.jpg,recipe,"Appetizers, Beverages and Party Foods",Friendship Tea (Spiced Tea),,34,Page 33 and 34.htm,yes,yes
"Appetizers, Beverages and Party Foods - Fruit Dip.jpg",appetizers-fruit-dip.jpg,recipe,"Appetizers, Beverages and Party Foods",Fruit Dip,,26,Page 25 and 26.htm,yes,yes
"Appetizers, Beverages and Party Foods - Garden Vegetable Dip.jpg",appetizers-garden-vegetable-dip.jpg,recipe,"Appetizers, Beverages and Party Foods",Garden Vegetable Dip,,27,Page 27 and 28.htm,yes,yes
"Appetizers, Beverages and Party Foods - Hot Chocolate.jpg",appetizers-hot-chocolate.jpg,recipe,"Appetizers, Beverages and Party Foods",Hot Chocolate,,35,Page 35 and 36.htm,yes,yes
"Appetizers, Beverages and Party Foods - Oyster Cracker Snacks.jpg",appetizers-oyster-cracker-snacks.jpg,recipe,"Appetizers, Beverages and Party Foods",Oyster Cracker Snacks,,29,Page 29 and 30.htm,yes,yes
"Appetizers, Beverages and Party Foods - Pizza Rounds.jpg",appetizers-pizza-rounds.jpg,recipe,"Appetizers, Beverages and Party Foods",Pizza Rounds,,30,Page 29 and 30.htm,yes,yes
"Appetizers, Beverages and Party Foods - Rainbow Punch.jpg",appetizers-rainbow-punch.jpg,recipe,"Appetizers, Beverages and Party Foods",Rainbow Punch,,36,Page 35 and 36.htm,yes,yes
"Appetizers, Beverages and Party Foods - Shrimp Spread.jpg",appetizers-shrimp-spread.jpg,recipe,"Appetizers, Beverages and Party Foods",Shrimp Spread,,31,Page 31 and 32.htm,yes,yes
"Appetizers, Beverages and Party Foods - Spincach Dip.jpg",appetizers-spinach-dip.jpg,recipe,"Appetizers, Beverages and Party Foods",Spinach Dip,yes,38,Page 37 and 38.htm,yes,yes
"Appetizers, Beverages and Party Foods - Stuffed Mushrooms.jpg",appetizers-stuffed-mushrooms.jpg,recipe,"Appetizers, Beverages and Party Foods",Stuffed Mushrooms,,32,Page 31 and 32.htm,yes,yes
"Appetizers, Beverages and Party Foods - Table of Contents.jpg",appetizers-table-of-contents.jpg,section table of contents,"Appetizers, Beverages and Party Foods",Table of Contents,,20,Page 19 and 20.htm,no,yes
"Appetizers, Beverages and Party Foods - Taco Dip.jpg",appetizers-taco-dip.jpg,recipe,"Appetizers, Beverages and Party Foods",Taco Dip,,33,Page 33 and 34.htm,yes,yes
"Appetizers, Beverages and Party Foods - The Wallaby Darned.jpg",appetizers-the-wallaby-darned.jpg,recipe,"Appetizers, Beverages and Party Foods",The Wallaby Darned,,39,Page 39 and 40.htm,no,yes
Blank Page Left Pink.jpg,blank-page-left-pink.jpg,blank page,,Blank Page Left Pink,,,,no,no
Blank Page Left.jpg,blank-page-left.jpg,blank page,,Blank Page Left,,,,no,no
Blank Page Right.jpg,blank-page-right.jpg,blank page,,Blank Page Right,,,,no,no
"Breads, Preserves, Jellies and Pickles - Apricot Bread.jpg",breads-apricot-bread.jpg,recipe,"Breads, Preserves, Jellies and Pickles",Apricot Bread,,43,Page 43 and 44.htm,yes,yes
"Breads, Preserves, Jellies and Pickles - Banana Cake Muffins.jpg",breads-banana-cake-muffins.jpg,recipe,"Breads, Preserves, Jellies and Pickles",Banana Cake Muffins,,56,Page 55 and 56.htm,yes,yes
"Breads, Preserves, Jellies and Pickles - Banana-Blueberry Bread.jpg",breads-banana-blueberry-bread.jpg,recipe,"Breads, Preserves, Jellies and Pickles",Banana-Blueberry Bread,,47,Page 47 and 48.htm,yes,yes
"Breads, Preserves, Jellies and Pickles - Christmas Fruit Bread.jpg",breads-christmas-fruit-bread.jpg,recipe,"Breads, Preserves, Jellies and Pickles",Christmas Fruit Bread,,44,Page 43 and 44.htm,yes,yes
"Breads, Preserves, Jellies and Pickles - Cinnamon Rolls.jpg",breads-cinnamon-rolls.jpg,recipe,"Breads, Preserves, Jellies and Pickles",Cinnamon Rolls,,45,Page 45 and 46.htm,yes,yes
"Breads, Preserves, Jellies and Pickles - Coffe Cake.jpg",breads-coffee-cake.jpg,recipe,"Breads, Preserves, Jellies and Pickles",Coffee Cake,yes,46,Page 45 and 46.htm,yes,yes
"Breads, Preserves, Jellies and Pickles - Corn Bread.jpg",breads-corn-bread.jpg,recipe,"Breads, Preserves, Jellies and Pickles",Corn Bread,,48,Page 47 and 48.htm,yes,yes
"Breads, Preserves, Jellies and Pickles - Cracked Wheat Bread.jpg",breads-cracked-wheat-bread.jpg,recipe,"Breads, Preserves, Jellies and Pickles",Cracked Wheat Bread,,62,Page 61 and 62.htm,yes,yes
"Breads, Preserves, Jellies and Pickles - Cranberry Bread.jpg",breads-cranberry-bread.jpg,recipe,"Breads, Preserves, Jellies and Pickles",Cranberry Bread,,49,Page 49 and 50.htm,yes,yes
"Breads, Preserves, Jellies and Pickles - Fruit Cake Confections.jpg",breads-fruit-cake-confections.jpg,recipe,"Breads, Preserves, Jellies and Pickles",Fruit Cake Confections,,54,Page 53 and 54.htm,yes,yes
"Breads, Preserves, Jellies and Pickles - Gooey Butter Coffee Cake.jpg",breads-gooey-butter-coffee-cake.jpg,recipe,"Breads, Preserves, Jellies and Pickles",Gooey Butter Coffee Cake,,50,Page 49 and 50.htm,yes,yes
"Breads, Preserves, Jellies and Pickles - Grandma's Icing.jpg",breads-grandmas-icing.jpg,recipe,"Breads, Preserves, Jellies and Pickles",Grandma's Icing,,57,Page 57 and 58.htm,yes,yes
"Breads, Preserves, Jellies and Pickles - Honey Mustard.jpg",breads-honey-mustard.jpg,recipe,"Breads, Preserves, Jellies and Pickles",Honey Mustard,,55,Page 55 and 56.htm,yes,yes
"Breads, Preserves, Jellies and Pickles - Lemon Tea Bread.jpg",breads-lemon-tea-bread.jpg,recipe,"Breads, Preserves, Jellies and Pickles",Lemon Tea Bread,,51,Page 51 and 52.htm,yes,yes
"Breads, Preserves, Jellies and Pickles - Lemonberry Poppyseed Bread.jpg",breads-lemonberry-poppyseed-bread.jpg,recipe,"Breads, Preserves, Jellies and Pickles",Lemonberry Poppyseed Bread,,60,Page 59 and 60.htm,yes,yes
"Breads, Preserves, Jellies and Pickles - Nut Bread.jpg",breads-nut-bread.jpg,recipe,"Breads, Preserves, Jellies and Pickles",Nut Bread,,52,Page 51 and 52.htm,yes,yes
"Breads, Preserves, Jellies and Pickles - Pumpkin Bread.jpg",breads-pumpkin-bread.jpg,recipe,"Breads, Preserves, Jellies and Pickles",Pumpkin Bread,,53,Page 53 and 54.htm,yes,yes
"Breads, Preserves, Jellies and Pickles - Straberry Jam (Freezer) 2.jpg",breads-strawberry-jam-freezer-2.jpg,recipe,"Breads, Preserves, Jellies and Pickles",Strawberry Jam (Freezer) 2,yes,59,Page 59 and 60.htm,yes,yes
"Breads, Preserves, Jellies and Pickles - Strawberry Tea.jpg",breads-strawberry-tea.jpg,recipe,"Breads, Preserves, Jellies and Pickles",Strawberry Tea,,61,Page 61 and 62.htm,yes,yes
"Breads, Preserves, Jellies and Pickles - Strawbery Jam (Freezer).jpg",breads-strawberry-jam-freezer.jpg,recipe,"Breads, Preserves, Jellies and Pickles",Strawberry Jam (Freezer),yes,58,Page 57 and 58.htm,yes,yes
"Breads, Preserves, Jellies and Pickles - Table of Contents.jpg",breads-table-of-contents.jpg,section table of contents,"Breads, Preserves, Jellies and Pickles",Table of Contents,,42,Page 41 and 42.htm,no,yes
"Cakes, Frostings and Fillings - Apple Updside-down Cake 2.jpg",cakes-apple-upside-down-cake-2.jpg,recipe,"Cakes, Frostings and Fillings",Apple Upside-down Cake 2,yes,197,Page 197 and 198.htm,yes,yes
"Cakes, Frostings and Fillings - Apple Upside-down Cake.jpg",cakes-apple-upside-down-cake.jpg,recipe,"Cakes, Frostings and Fillings",Apple Upside-down Cake,,196,Page 195 and 196.htm,yes,yes
"Cakes, Frostings and Fillings - Carrot Cake.jpg",cakes-carrot-cake.jpg,recipe,"Cakes, Frostings and Fillings",Carrot Cake,,203,Page 203 and 204.htm,yes,yes
"Cakes, Frostings and Fillings - Chocolate Pudding Cake.jpg",cakes-chocolate-pudding-cake.jpg,recipe,"Cakes, Frostings and Fillings",Chocolate Pudding Cake,,198,Page 197 and 198.htm,yes,yes
"Cakes, Frostings and Fillings - Date Nut Bars.jpg",cakes-date-nut-bars.jpg,recipe,"Cakes, Frostings and Fillings",Date Nut Bars,,204,Page 203 and 204.htm,yes,yes
"Cakes, Frostings and Fillings - Dirt Cake.jpg",cakes-dirt-cake.jpg,recipe,"Cakes, Frostings and Fillings",Dirt Cake,,201,Page 201 and 202.htm,yes,yes
"Cakes, Frostings and Fillings - Key Lime Cake.jpg",cakes-key-lime-cake.jpg,recipe,"Cakes, Frostings and Fillings",Key Lime Cake,,199,Page 199 and 200.htm,yes,yes
"Cakes, Frostings and Fillings - Lemon Angel Cake.jpg",cakes-lemon-angel-cake.jpg,recipe,"Cakes, Frostings and Fillings",Lemon Angel Cake,,202,Page 201 and 202.htm,yes,yes
"Cakes, Frostings and Fillings - Lemon Cake and Glaze.jpg",cakes-lemon-cake-and-glaze.jpg,recipe,"Cakes, Frostings and Fillings",Lemon Cake and Glaze,,194,Page 193 and 194.htm,yes,yes
"Cakes, Frostings and Fillings - Red Velvet Cake.jpg",cakes-red-velvet-cake.jpg,recipe,"Cakes, Frostings and Fillings",Red Velvet Cake,,192,Page 191 and 192.htm,yes,yes
"Cakes, Frostings and Fillings - Red Velvet Frosting.jpg",cakes-red-velvet-frosting.jpg,recipe,"Cakes, Frostings and Fillings",Red Velvet Frosting,,193,Page 193 and 194.htm,yes,yes
"Cakes, Frostings and Fillings - Strawberry Cake.jpg",cakes-strawberry-cake.jpg,recipe,"Cakes, Frostings and Fillings",Strawberry Cake,,200,Page 199 and 200.htm,yes,yes
"Cakes, Frostings and Fillings - Table of Contents.jpg",cakes-table-of-contents.jpg,section table of contents,"Cakes, Frostings and Fillings",Table of Contents,,190,Page 189 and 190.htm,no,yes
"Cakes, Frostings and Fillings - Turtle Cake.jpg",cakes-turtle-cake.jpg,recipe,"Cakes, Frostings and Fillings",Turtle Cake,,205,Page 205 and 206.htm,yes,yes
"Cakes, Frostings and Fillings - Wacky Cake.jpg",cakes-wacky-cake.jpg,recipe,"Cakes, Frostings and Fillings",Wacky Cake,,195,Page 195 and 196.htm,yes,yes
Cookbook Cover Back.jpg,cookbook-cover-back.jpg,front matter,,Cookbook Cover Back,,,,no,no
Cookbook Cover.jpg,cookbook-cover.jpg,front matter,,Cookbook Cover,,,,no,no
Cookbook Note from Sue Frisby.jpg,cookbook-note-from-sue-frisby.jpg,front matter,,Cookbook Note from Sue Frisby,,1,Page 1 and 2.htm,no,yes
"Desserts, Fruits and Ices - Apple Crunch Pudding.jpg",desserts-apple-crunch-pudding.jpg,recipe,"Desserts, Fruits and Ices",Apple Crunch Pudding,,181,Page 181 and 182.htm,yes,yes
"Desserts, Fruits and Ices - Apple Dumplings.jpg",desserts-apple-dumplings.jpg,recipe,"Desserts, Fruits and Ices",Apple Dumplings,,180,Page 179 and 180.htm,yes,yes
"Desserts, Fruits and Ices - Applesauce.jpg",desserts-applesauce.jpg,recipe,"Desserts, Fruits and Ices",Applesauce,,185,Page 185 and 186.htm,yes,yes
"Desserts, Fruits and Ices - Boiled Custard.jpg",desserts-boiled-custard.jpg,recipe,"Desserts, Fruits and Ices",Boiled Custard,,178,Page 177 and 178.htm,yes,yes
"Desserts, Fruits and Ices - Homemade Ice Cream.jpg",desserts-homemade-ice-cream.jpg,recipe,"Desserts, Fruits and Ices",Homemade Ice Cream,,179,Page 179 and 180.htm,yes,yes
"Desserts, Fruits and Ices - Peanut Roll.jpg",desserts-peanut-roll.jpg,recipe,"Desserts, Fruits and Ices",Peanut Roll,,183,Page 183 and 184.htm,yes,yes
"Desserts, Fruits and Ices - Rice Pudding.jpg",desserts-rice-pudding.jpg,recipe,"Desserts, Fruits and Ices",Rice Pudding,,182,Page 181 and 182.htm,yes,yes
"Desserts, Fruits and Ices - Table of Contents.jpg",desserts-table-of-contents.jpg,section table of contents,"Desserts, Fruits and Ices",Table of Contents,,176,Page 175 and 176.htm,no,yes
"Desserts, Fruits and Ices - Turtle Cheesecake.jpg",desserts-turtle-cheesecake.jpg,recipe,"Desserts, Fruits and Ices",Turtle Cheesecake,,184,Page 183 and 184.htm,yes,yes
Eggs and Cheese - Baked Eggs.jpg,eggs-cheese-baked-eggs.jpg,recipe,Eggs and Cheese,Baked Eggs,,88,Page 87 and 88.htm,yes,yes
Eggs and Cheese - Devilied Eggs.jpg,eggs-cheese-deviled-eggs.jpg,recipe,Eggs and Cheese,Deviled Eggs,yes,91,Page 91 and 92.htm,yes,yes
Eggs and Cheese - Mariachis.jpg,eggs-cheese-mariachis.jpg,recipe,Eggs and Cheese,Mariachis,,90,Page 89 and 90.htm,yes,yes
Eggs and Cheese - Quiche.jpg,eggs-cheese-quiche.jpg,recipe,Eggs and Cheese,Quiche,,89,Page 89 and 90.htm,yes,yes
Eggs and Cheese - Table of Contents.jpg,eggs-cheese-table-of-contents.jpg,section table of contents,Eggs and Cheese,Table of Contents,,86,Page 85 and 86.htm,no,yes
"Index 1 - Appetizers, Beverages and Party Foods Index.jpg",index-1-appetizers-beverages-and-party-foods-index.jpg,book index page,Index,"Appetizers, Beverages and Party Foods Index",,6,Page 5 and 6.htm,no,yes
Index 10 - Soups.jpg,index-10-soups.jpg,book index page,Index,Soups,,17,Page 17 and 18.htm,no,yes
Index 11 - Vegetables.jpg,index-11-vegetables.jpg,book index page,Index,Vegetables,,18,Page 17 and 18.htm,no,yes
Index 2 - Breads.jpg,index-2-breads.jpg,book index page,Index,Breads,,7,Page 7 and 8.htm,no,yes
Index 2 - Cakes.jpg,index-2-cakes.jpg,book index page,Index,Cakes,,8,Page 7 and 8.htm,no,yes
Index 3 - Cookies.jpg,index-3-cookies.jpg,book index page,Index,Cookies,,9,Page 9 and 10.htm,no,yes
Index 4 - Deserts.jpg,index-4-deserts.jpg,book index page,Index,Desserts,yes,10,Page 9 and 10.htm,no,yes
Index 4 - Eggs and Cheese.jpg,index-4-eggs-and-cheese.jpg,book index page,Index,Eggs and Cheese,,11,Page 11 and 12.htm,no,yes
Index 5 - Meats.jpg,index-5-meats.jpg,book index page,Index,Meats,,12,Page 11 and 12.htm,no,yes
Index 6 - Pasta-Grains.jpg,index-6-pasta-grains.jpg,book index page,Index,Pasta-Grains,,13,Page 13 and 14.htm,no,yes
Index 7 - Pies-Candies.jpg,index-7-pies-candies.jpg,book index page,Index,Pies-Candies,,14,Page 13 and 14.htm,no,yes
"Index 8 - Poultry, Fish, Seafoods.jpg",index-8-poultry-fish-seafoods.jpg,book index page,Index,"Poultry, Fish, Seafoods",,15,Page 15 and 16.htm,no,yes
Index 9 - Salads and Dressings.jpg,index-9-salads-and-dressings.jpg,book index page,Index,Salads and Dressings,,16,Page 15 and 16.htm,no,yes
"Meats, Gravies and Meat Sauces - Beef and Cabbage.jpg",meats-beef-and-cabbage.jpg,recipe,"Meats, Gravies and Meat Sauces",Beef and Cabbage,,169,Page 169 and 170.htm,yes,yes
"Meats, Gravies and Meat Sauces - Chicken Stir Fry.jpg",meats-chicken-stir-fry.jpg,recipe,"Meats, Gravies and Meat Sauces",Chicken Stir Fry,,170,Page 169 and 170.htm,yes,yes
"Meats, Gravies and Meat Sauces - Chop Suey.jpg",meats-chop-suey.jpg,recipe,"Meats, Gravies and Meat Sauces",Chop Suey,,158,Page 157 and 158.htm,yes,yes
"Meats, Gravies and Meat Sauces - Emmy's Hamburger.jpg",meats-emmys-hamburger.jpg,recipe,"Meats, Gravies and Meat Sauces",Emmy's Hamburger,,154,Page 153 and 154.htm,yes,yes
"Meats, Gravies and Meat Sauces - Flank Steak.jpg",meats-flank-steak.jpg,recipe,"Meats, Gravies and Meat Sauces",Flank Steak,,167,Page 167 and 168.htm,yes,yes
"Meats, Gravies and Meat Sauces - French Dipped Sandwich.jpg",meats-french-dipped-sandwich.jpg,recipe,"Meats, Gravies and Meat Sauces",French Dipped Sandwich,,155,Page 155 and 156.htm,yes,yes
"Meats, Gravies and Meat Sauces - Goulash.jpg",meats-goulash.jpg,recipe,"Meats, Gravies and Meat Sauces",Goulash,,156,Page 155 and 156.htm,yes,yes
"Meats, Gravies and Meat Sauces - Hamburger Casserole.jpg",meats-hamburger-casserole.jpg,recipe,"Meats, Gravies and Meat Sauces",Hamburger Casserole,,157,Page 157 and 158.htm,yes,yes
"Meats, Gravies and Meat Sauces - Mac's Sloppy Joes.jpg",meats-macs-sloppy-joes.jpg,recipe,"Meats, Gravies and Meat Sauces",Mac's Sloppy Joes,,160,Page 159 and 160.htm,yes,yes
"Meats, Gravies and Meat Sauces - Meatloaf.jpg",meats-meatloaf.jpg,recipe,"Meats, Gravies and Meat Sauces",Meatloaf,,159,Page 159 and 160.htm,yes,yes
"Meats, Gravies and Meat Sauces - Pizza Spaghetti Pie.jpg",meats-pizza-spaghetti-pie.jpg,recipe,"Meats, Gravies and Meat Sauces",Pizza Spaghetti Pie,,171,Page 171 and 172.htm,yes,yes
"Meats, Gravies and Meat Sauces - Shis-Kabob.jpg",meats-shish-kabob.jpg,recipe,"Meats, Gravies and Meat Sauces",Shish Kabob,yes,161,Page 161 and 162.htm,yes,yes
"Meats, Gravies and Meat Sauces - Spaghetti Pie.jpg",meats-spaghetti-pie.jpg,recipe,"Meats, Gravies and Meat Sauces",Spaghetti Pie,,162,Page 161 and 162.htm,yes,yes
"Meats, Gravies and Meat Sauces - Stir Fry Beef.jpg",meats-stir-fry-beef.jpg,recipe,"Meats, Gravies and Meat Sauces",Stir Fry Beef,,166,Page 165 and 166.htm,yes,yes
"Meats, Gravies and Meat Sauces - Table of Contents.jpg",meats-table-of-contents.jpg,section table of contents,"Meats, Gravies and Meat Sauces",Table of Contents,,152,Page 151 and 152.htm,no,yes
"Meats, Gravies and Meat Sauces - Veal Scallopini.jpg",meats-veal-scallopini.jpg,recipe,"Meats, Gravies and Meat Sauces",Veal Scallopini,,168,Page 167 and 168.htm,yes,yes
"Meats, Gravies and Meat Sauces -Stew.jpg",meats-stew.jpg,recipe,"Meats, Gravies and Meat Sauces",Stew,,163,Page 163 and 164.htm,yes,yes
"Meats, Gravies and Meat Sauces -Stuffed Peppers.jpg",meats-stuffed-peppers.jpg,recipe,"Meats, Gravies and Meat Sauces",Stuffed Peppers,,164,Page 163 and 164.htm,yes,yes
"Meats, Gravies and Meat Sauces Sloppy Joes.jpg",meats-sloppy-joes.jpg,recipe,"Meats, Gravies and Meat Sauces",Sloppy Joes,,165,Page 165 and 166.htm,yes,yes
"Miscellaneous Extras, Secrets and Hints - Apricot Oatmeal Cookies.jpg",miscellaneous-apricot-oatmeal-cookies.jpg,recipe,"Miscellaneous Extras, Secrets and Hints",Apricot Oatmeal Cookies,,246,Page 245 and 246.htm,no,yes
"Miscellaneous Extras, Secrets and Hints - Asian Slaw.jpg",miscellaneous-asian-slaw.jpg,recipe,"Miscellaneous Extras, Secrets and Hints",Asian Slaw,,251,Page 251 and 252.htm,no,yes
"Miscellaneous Extras, Secrets and Hints - Caramel Oatmeal Chewies.jpg",miscellaneous-caramel-oatmeal-chewies.jpg,recipe,"Miscellaneous Extras, Secrets and Hints",Caramel Oatmeal Chewies,,247,Page 247 and 248.htm,no,yes
"Miscellaneous Extras, Secrets and Hints - Cherry Chip Cookies.jpg",miscellaneous-cherry-chip-cookies.jpg,recipe,"Miscellaneous Extras, Secrets and Hints",Cherry Chip Cookies,,243,Page 243 and 244.htm,no,yes
"Miscellaneous Extras, Secrets and Hints - Chocolate Chip Coconut Macaroons.jpg",miscellaneous-chocolate-chip-coconut-macaroons.jpg,recipe,"Miscellaneous Extras, Secrets and Hints",Chocolate Chip Coconut Macaroons,,253,Page 253 and 254.htm,no,yes
"Miscellaneous Extras, Secrets and Hints - Cinnamon Stars.jpg",miscellaneous-cinnamon-stars.jpg,recipe,"Miscellaneous Extras, Secrets and Hints",Cinnamon Stars,,244,Page 243 and 244.htm,no,yes
"Miscellaneous Extras, Secrets and Hints - Cornflake Macaroons.jpg",miscellaneous-cornflake-macaroons.jpg,recipe,"Miscellaneous Extras, Secrets and Hints",Cornflake Macaroons,,245,Page 245 and 246.htm,no,yes
"Miscellaneous Extras, Secrets and Hints - Cranberry Quick Cookies.jpg",miscellaneous-cranberry-quick-cookies.jpg,recipe,"Miscellaneous Extras, Secrets and Hints",Cranberry Quick Cookies,,242,Page 241 and 242.htm,no,yes
"Miscellaneous Extras, Secrets and Hints - Ginger Snaps.jpg",miscellaneous-ginger-snaps.jpg,recipe,"Miscellaneous Extras, Secrets and Hints",Ginger Snaps,,250,Page 249 and 250.htm,no,yes
"Miscellaneous Extras, Secrets and Hints - Peanut Butter Bread.jpg",miscellaneous-peanut-butter-bread.jpg,recipe,"Miscellaneous Extras, Secrets and Hints",Peanut Butter Bread,,252,Page 251 and 252.htm,no,yes
"Miscellaneous Extras, Secrets and Hints - Polka Dot Cookies.jpg",miscellaneous-polka-dot-cookies.jpg,recipe,"Miscellaneous Extras, Secrets and Hints",Polka Dot Cookies,,249,Page 249 and 250.htm,no,yes
"Miscellaneous Extras, Secrets and Hints - Snickerdoodles.jpg",miscellaneous-snickerdoodles.jpg,recipe,"Miscellaneous Extras, Secrets and Hints",Snickerdoodles,,248,Page 247 and 248.htm,no,yes
"Miscellaneous Extras, Secrets and Hints - Table of Contents.jpg",miscellaneous-table-of-contents.jpg,section table of contents,"Miscellaneous Extras, Secrets and Hints",Table of Contents,,240,Page 239 and 240.htm,no,yes
Pasta and Grains - Campbells Chicken and Brocolli Alfredo.jpg,pasta-grains-campbells-chicken-and-broccoli-alfredo.jpg,recipe,Pasta and Grains,Campbell's Chicken and Broccoli Alfredo,yes,129,Page 129 and 130.htm,yes,yes
Pasta and Grains - Chicken Rice Casserole.jpg,pasta-grains-chicken-rice-casserole.jpg,recipe,Pasta and Grains,Chicken Rice Casserole,,119,Page 119 and 120.htm,yes,yes
Pasta and Grains - Chicken and Dumplings.jpg,pasta-grains-chicken-and-dumplings.jpg,recipe,Pasta and Grains,Chicken and Dumplings,,118,Page 117 and 118.htm,yes,yes
Pasta and Grains - Chicken and Noodles.jpg,pasta-grains-chicken-and-noodles.jpg,recipe,Pasta and Grains,Chicken and Noodles,,117,Page 117 and 118.htm,yes,yes
Pasta and Grains - Homemade Noodles.jpg,pasta-grains-homemade-noodles.jpg,recipe,Pasta and Grains,Homemade Noodles,,116,Page 115 and 116.htm,yes,yes
Pasta and Grains - Italian Pasta Stir Fry.jpg,pasta-grains-italian-pasta-stir-fry.jpg,recipe,Pasta and Grains,Italian Pasta Stir Fry,,127,Page 127 and 128.htm,yes,yes
Pasta and Grains - Lasagna.jpg,pasta-grains-lasagna.jpg,recipe,Pasta and Grains,Lasagna,,120,Page 119 and 120.htm,yes,yes
Pasta and Grains - Macaroni and Cheese.jpg,pasta-grains-macaroni-and-cheese.jpg,recipe,Pasta and Grains,Macaroni and Cheese,,121,Page 121 and 122.htm,yes,yes
Pasta and Grains - Pasta Salad.jpg,pasta-grains-pasta-salad.jpg,recipe,Pasta and Grains,Pasta Salad,,125,Page 125 and 126.htm,yes,yes
Pasta and Grains - Rice Casserole.jpg,pasta-grains-rice-casserole.jpg,recipe,Pasta and Grains,Rice Casserole,,122,Page 121 and 122.htm,yes,yes
Pasta and Grains - Spaghetti Sauce.jpg,pasta-grains-spaghetti-sauce.jpg,recipe,Pasta and Grains,Spaghetti Sauce,,123,Page 123 and 124.htm,yes,yes
Pasta and Grains - Spanish Beef Rice.jpg,pasta-grains-spanish-beef-rice.jpg,recipe,Pasta and Grains,Spanish Beef Rice,,126,Page 125 and 126.htm,yes,yes
Pasta and Grains - Stuffed Shells.jpg,pasta-grains-stuffed-shells.jpg,recipe,Pasta and Grains,Stuffed Shells,,124,Page 123 and 124.htm,yes,yes
Pasta and Grains - Table of Contents.jpg,pasta-grains-table-of-contents.jpg,section table of contents,Pasta and Grains,Table of Contents,,114,Page 113 and 114.htm,no,yes
Pasta and Grains - japanese Fried Rice.jpg,pasta-grains-japanese-fried-rice.jpg,recipe,Pasta and Grains,Japanese Fried Rice,yes,128,Page 127 and 128.htm,yes,yes
"Pies, Cookies, Candies and Pastries - Antia's Delight.jpg",pies-cookies-anitas-delight.jpg,recipe,"Pies, Cookies, Candies and Pastries",Anita's Delight,yes,231,Page 231 and 232.htm,yes,yes
"Pies, Cookies, Candies and Pastries - Apple Crisp.jpg",pies-cookies-apple-crisp.jpg,recipe,"Pies, Cookies, Candies and Pastries",Apple Crisp,,214,Page 213 and 214.htm,yes,yes
"Pies, Cookies, Candies and Pastries - Brownies.jpg",pies-cookies-brownies.jpg,recipe,"Pies, Cookies, Candies and Pastries",Brownies,,215,Page 215 and 216.htm,yes,yes
"Pies, Cookies, Candies and Pastries - Caramel Corn.jpg",pies-cookies-caramel-corn.jpg,recipe,"Pies, Cookies, Candies and Pastries",Caramel Corn,,219,Page 219 and 220.htm,yes,yes
"Pies, Cookies, Candies and Pastries - Cherry Cheese Tarts.jpg",pies-cookies-cherry-cheese-tarts.jpg,recipe,"Pies, Cookies, Candies and Pastries",Cherry Cheese Tarts,,216,Page 215 and 216.htm,yes,yes
"Pies, Cookies, Candies and Pastries - Chocolate Fondue.jpg",pies-cookies-chocolate-fondue.jpg,recipe,"Pies, Cookies, Candies and Pastries",Chocolate Fondue,,217,Page 217 and 218.htm,yes,yes
"Pies, Cookies, Candies and Pastries - Chocolate Fudge.jpg",pies-cookies-chocolate-fudge.jpg,recipe,"Pies, Cookies, Candies and Pastries",Chocolate Fudge,,220,Page 219 and 220.htm,yes,yes
"Pies, Cookies, Candies and Pastries - Cream Caramels.jpg",pies-cookies-cream-caramels.jpg,recipe,"Pies, Cookies, Candies and Pastries",Cream Caramels,,218,Page 217 and 218.htm,yes,yes
"Pies, Cookies, Candies and Pastries - Dishpan Cookies.jpg",pies-cookies-dishpan-cookies.jpg,recipe,"Pies, Cookies, Candies and Pastries",Dishpan Cookies,,232,Page 231 and 232.htm,yes,yes
"Pies, Cookies, Candies and Pastries - Grandma's Sugar Cookies.jpg",pies-cookies-grandmas-sugar-cookies.jpg,recipe,"Pies, Cookies, Candies and Pastries",Grandma's Sugar Cookies,,236,Page 235 and 236.htm,yes,yes
"Pies, Cookies, Candies and Pastries - Grasshopper Pie.jpg",pies-cookies-grasshopper-pie.jpg,recipe,"Pies, Cookies, Candies and Pastries",Grasshopper Pie,,221,Page 221 and 222.htm,yes,yes
"Pies, Cookies, Candies and Pastries - Hershey Bar Pie.jpg",pies-cookies-hershey-bar-pie.jpg,recipe,"Pies, Cookies, Candies and Pastries",Hershey Bar Pie,,230,Page 229 and 230.htm,yes,yes
"Pies, Cookies, Candies and Pastries - Ice Cream Crunch.jpg",pies-cookies-ice-cream-crunch.jpg,recipe,"Pies, Cookies, Candies and Pastries",Ice Cream Crunch,,222,Page 221 and 222.htm,yes,yes
"Pies, Cookies, Candies and Pastries - Maloasses Cookies.jpg",pies-cookies-molasses-cookies.jpg,recipe,"Pies, Cookies, Candies and Pastries",Molasses Cookies,yes,235,Page 235 and 236.htm,yes,yes
"Pies, Cookies, Candies and Pastries - Oatmeal Crispers.jpg",pies-cookies-oatmeal-crispers.jpg,recipe,"Pies, Cookies, Candies and Pastries",Oatmeal Crispers,,233,Page 233 and 234.htm,yes,yes
"Pies, Cookies, Candies and Pastries - Peach Cobbler.jpg",pies-cookies-peach-cobbler.jpg,recipe,"Pies, Cookies, Candies and Pastries",Peach Cobbler,,223,Page 223 and 224.htm,yes,yes
"Pies, Cookies, Candies and Pastries - Peach Pie.jpg",pies-cookies-peach-pie.jpg,recipe,"Pies, Cookies, Candies and Pastries",Peach Pie,,224,Page 223 and 224.htm,yes,yes
"Pies, Cookies, Candies and Pastries - Peanut Butter Cookies.jpg",pies-cookies-peanut-butter-cookies.jpg,recipe,"Pies, Cookies, Candies and Pastries",Peanut Butter Cookies,,234,Page 233 and 234.htm,yes,yes
"Pies, Cookies, Candies and Pastries - Peanutbutter Balls.jpg",pies-cookies-peanut-butter-balls.jpg,recipe,"Pies, Cookies, Candies and Pastries",Peanut Butter Balls,yes,225,Page 225 and 226.htm,yes,yes
"Pies, Cookies, Candies and Pastries - Peanutbutter Fudge.jpg",pies-cookies-peanut-butter-fudge.jpg,recipe,"Pies, Cookies, Candies and Pastries",Peanut Butter Fudge,yes,226,Page 225 and 226.htm,yes,yes
"Pies, Cookies, Candies and Pastries - Pumpkin Pie.jpg",pies-cookies-pumpkin-pie.jpg,recipe,"Pies, Cookies, Candies and Pastries",Pumpkin Pie,,227,Page 227 and 228.htm,yes,yes
"Pies, Cookies, Candies and Pastries - Puppy Chow.jpg",pies-cookies-puppy-chow.jpg,recipe,"Pies, Cookies, Candies and Pastries",Puppy Chow,,228,Page 227 and 228.htm,yes,yes
"Pies, Cookies, Candies and Pastries - Strawberry Pie.jpg",pies-cookies-strawberry-pie.jpg,recipe,"Pies, Cookies, Candies and Pastries",Strawberry Pie,,229,Page 229 and 230.htm,yes,yes
"Pies, Cookies, Candies and Pastries - Sugar Cookie Cut-outs.jpg",pies-cookies-sugar-cookie-cut-outs.jpg,recipe,"Pies, Cookies, Candies and Pastries",Sugar Cookie Cut-outs,,237,Page 237 and 238.htm,yes,yes
"Pies, Cookies, Candies and Pastries - Table of Contents.jpg",pies-cookies-table-of-contents.jpg,section table of contents,"Pies, Cookies, Candies and Pastries",Table of Contents,,210,Page 209 and 210.htm,no,yes
"Poultry, Fish and Seafoods - Blakened Fish.jpg",poultry-seafood-blackened-fish.jpg,recipe,"Poultry, Fish and Seafoods",Blackened Fish,yes,147,Page 147 and 148.htm,yes,yes
"Poultry, Fish and Seafoods - Chicken Farfalla.jpg",poultry-seafood-chicken-farfalla.jpg,recipe,"Poultry, Fish and Seafoods",Chicken Farfalla,,138,Page 137 and 138.htm,yes,yes
"Poultry, Fish and Seafoods - Chicken and Broccoli Casserole.jpg",poultry-seafood-chicken-and-broccoli-casserole.jpg,recipe,"Poultry, Fish and Seafoods",Chicken and Broccoli Casserole,,136,Page 135 and 136.htm,yes,yes
"Poultry, Fish and Seafoods - Chicken with Squiggly Noodles.jpg",poultry-seafood-chicken-with-squiggly-noodles.jpg,recipe,"Poultry, Fish and Seafoods",Chicken with Squiggly Noodles,,137,Page 137 and 138.htm,yes,yes
"Poultry, Fish and Seafoods - French Fried Shrimp.jpg",poultry-seafood-french-fried-shrimp.jpg,recipe,"Poultry, Fish and Seafoods",French Fried Shrimp,,140,Page 139 and 140.htm,yes,yes
"Poultry, Fish and Seafoods - Fried Chicken.jpg",poultry-seafood-fried-chicken.jpg,recipe,"Poultry, Fish and Seafoods",Fried Chicken,,144,Page 143 and 144.htm,yes,yes
"Poultry, Fish and Seafoods - Italian Chicken.jpg",poultry-seafood-italian-chicken.jpg,recipe,"Poultry, Fish and Seafoods",Italian Chicken,,142,Page 141 and 142.htm,yes,yes
"Poultry, Fish and Seafoods - Mom's Chicken Parmesan.jpg",poultry-seafood-moms-chicken-parmesan.jpg,recipe,"Poultry, Fish and Seafoods",Mom's Chicken Parmesan,,143,Page 143 and 144.htm,yes,yes
"Poultry, Fish and Seafoods - Overnight Chicken Casserole.jpg",poultry-seafood-overnight-chicken-casserole.jpg,recipe,"Poultry, Fish and Seafoods",Overnight Chicken Casserole,,141,Page 141 and 142.htm,yes,yes
"Poultry, Fish and Seafoods - Parmesan Chicken.jpg",poultry-seafood-parmesan-chicken.jpg,recipe,"Poultry, Fish and Seafoods",Parmesan Chicken,,139,Page 139 and 140.htm,yes,yes
"Poultry, Fish and Seafoods - Table of Contents.jpg",poultry-seafood-table-of-contents.jpg,section table of contents,"Poultry, Fish and Seafoods",Table of Contents,,134,Page 133 and 134.htm,no,yes
Preface 1.jpg,preface-1.jpg,front matter,,Preface 1,,2,Page 1 and 2.htm,no,yes
Preface 2.jpg,preface-2.jpg,front matter,,Preface 2,,3,Page 3 and 4.htm,no,yes
Preface 3.jpg,preface-3.jpg,front matter,,Preface 3,,4,Page 3 and 4.htm,no,yes
Preface 4.jpg,preface-4.jpg,front matter,,Preface 4,,5,Page 5 and 6.htm,no,yes
"Salads, Salad Dressings, Soups and Sandwiches - Baked Onion Soup.jpg",salads-soups-baked-onion-soup.jpg,recipe,"Salads, Salad Dressings, Soups and Sandwiches",Baked Onion Soup,,77,Page 77 and 78.htm,yes,yes
"Salads, Salad Dressings, Soups and Sandwiches - Baked Potato Soup.jpg",salads-soups-baked-potato-soup.jpg,recipe,"Salads, Salad Dressings, Soups and Sandwiches",Baked Potato Soup,,83,Page 83 and 84.htm,yes,yes
"Salads, Salad Dressings, Soups and Sandwiches - Broccoli Saslad.jpg",salads-soups-broccoli-salad.jpg,recipe,"Salads, Salad Dressings, Soups and Sandwiches",Broccoli Salad,yes,64b,Page 63b and 64b.htm,yes,yes
"Salads, Salad Dressings, Soups and Sandwiches - Cheese Soup.jpg",salads-soups-cheese-soup.jpg,recipe,"Salads, Salad Dressings, Soups and Sandwiches",Cheese Soup,,75,Page 75 and 76.htm,yes,yes
"Salads, Salad Dressings, Soups and Sandwiches - Chicken Egg Drop Soup.jpg",salads-soups-chicken-egg-drop-soup.jpg,recipe,"Salads, Salad Dressings, Soups and Sandwiches",Chicken Egg Drop Soup,,82,Page 81 and 82.htm,yes,yes
"Salads, Salad Dressings, Soups and Sandwiches - Chicken Soup.jpg",salads-soups-chicken-soup.jpg,recipe,"Salads, Salad Dressings, Soups and Sandwiches",Chicken Soup,,81,Page 81 and 82.htm,yes,yes
"Salads, Salad Dressings, Soups and Sandwiches - Chilli.jpg",salads-soups-chili.jpg,recipe,"Salads, Salad Dressings, Soups and Sandwiches",Chili,yes,76,Page 75 and 76.htm,yes,yes
"Salads, Salad Dressings, Soups and Sandwiches - Cranberry Salad.jpg",salads-soups-cranberry-salad.jpg,recipe,"Salads, Salad Dressings, Soups and Sandwiches",Cranberry Salad,,65,Page 65 and 66.htm,yes,yes
"Salads, Salad Dressings, Soups and Sandwiches - Five-cup Salad.jpg",salads-soups-five-cup-salad.jpg,recipe,"Salads, Salad Dressings, Soups and Sandwiches",Five-cup Salad,,69,Page 69 and 70.htm,yes,yes
"Salads, Salad Dressings, Soups and Sandwiches - Frozen Cranberry Salad.jpg",salads-soups-frozen-cranberry-salad.jpg,recipe,"Salads, Salad Dressings, Soups and Sandwiches",Frozen Cranberry Salad,,66,Page 65 and 66.htm,yes,yes
"Salads, Salad Dressings, Soups and Sandwiches - Layered Salad.jpg",salads-soups-layered-salad.jpg,recipe,"Salads, Salad Dressings, Soups and Sandwiches",Layered Salad,,67,Page 67 and 68.htm,yes,yes
"Salads, Salad Dressings, Soups and Sandwiches - Lemon-Lime Salads.jpg",salads-soups-lemon-lime-salads.jpg,recipe,"Salads, Salad Dressings, Soups and Sandwiches",Lemon-Lime Salads,,68,Page 67 and 68.htm,yes,yes
"Salads, Salad Dressings, Soups and Sandwiches - Noah's Ark Clam Chowder.jpg",salads-soups-noahs-ark-clam-chowder.jpg,recipe,"Salads, Salad Dressings, Soups and Sandwiches",Noah's Ark Clam Chowder,,78,Page 77 and 78.htm,yes,yes
"Salads, Salad Dressings, Soups and Sandwiches - Pistachio Salad.jpg",salads-soups-pistachio-salad.jpg,recipe,"Salads, Salad Dressings, Soups and Sandwiches",Pistachio Salad,,70,Page 69 and 70.htm,yes,yes
"Salads, Salad Dressings, Soups and Sandwiches - Potato Soup.jpg",salads-soups-potato-soup.jpg,recipe,"Salads, Salad Dressings, Soups and Sandwiches",Potato Soup,,84,Page 83 and 84.htm,yes,yes
"Salads, Salad Dressings, Soups and Sandwiches - Strawberry Nut Salad.jpg",salads-soups-strawberry-nut-salad.jpg,recipe,"Salads, Salad Dressings, Soups and Sandwiches",Strawberry Nut Salad,,71,Page 71 and 72.htm,yes,yes
"Salads, Salad Dressings, Soups and Sandwiches - Suprise Salad.jpg",salads-soups-surprise-salad.jpg,recipe,"Salads, Salad Dressings, Soups and Sandwiches",Surprise Salad,yes,72,Page 71 and 72.htm,yes,yes
"Salads, Salad Dressings, Soups and Sandwiches - Table of Contents.jpg",salads-soups-table-of-contents.jpg,section table of contents,"Salads, Salad Dressings, Soups and Sandwiches",Table of Contents,,64,Page 63 and 64.htm,no,yes
"Salads, Salad Dressings, Soups and Sandwiches - Tortellini Soup.jpg",salads-soups-tortellini-soup.jpg,recipe,"Salads, Salad Dressings, Soups and Sandwiches",Tortellini Soup,,79,Page 79 and 80.htm,yes,yes
"Salads, Salad Dressings, Soups and Sandwiches - Vegetable Soup.jpg",salads-soups-vegetable-soup.jpg,recipe,"Salads, Salad Dressings, Soups and Sandwiches",Vegetable Soup,,80,Page 79 and 80.htm,yes,yes
"Salads, Salad Dressings, Soups and Sandwiches - Wilted Lettuce.jpg",salads-soups-wilted-lettuce.jpg,recipe,"Salads, Salad Dressings, Soups and Sandwiches",Wilted Lettuce,,74,Page 73 and 74.htm,yes,yes
"Salads, Salad Dressings, Soups and Sandwiches - Yum-Yum Salad.jpg",salads-soups-yum-yum-salad.jpg,recipe,"Salads, Salad Dressings, Soups and Sandwiches",Yum-Yum Salad,,73,Page 73 and 74.htm,yes,yes
Vegetables and Vegetable Snacks - Au Gratin Potatoes.jpg,vegetables-au-gratin-potatoes.jpg,recipe,Vegetables and Vegetable Snacks,Au Gratin Potatoes,,103,Page 103 and 104.htm,yes,yes
Vegetables and Vegetable Snacks - Broccoli-Cheese Casserole.jpg,vegetables-broccoli-cheese-casserole.jpg,recipe,Vegetables and Vegetable Snacks,Broccoli-Cheese Casserole,,94b,Page 93b and 94b.htm,yes,yes
Vegetables and Vegetable Snacks - Cauliflower with Cheese Sauce.jpg,vegetables-cauliflower-with-cheese-sauce.jpg,recipe,Vegetables and Vegetable Snacks,Cauliflower with Cheese Sauce,,95,Page 95 and 96.htm,yes,yes
Vegetables and Vegetable Snacks - Chunky Squash and Potato Puree 2.jpg,vegetables-chunky-squash-and-potato-puree-2.jpg,recipe,Vegetables and Vegetable Snacks,Chunky Squash and Potato Puree 2,,108,Page 107 and 108.htm,yes,yes
Vegetables and Vegetable Snacks - Chunky Squash and Potato Puree.jpg,vegetables-chunky-squash-and-potato-puree.jpg,recipe,Vegetables and Vegetable Snacks,Chunky Squash and Potato Puree,,107,Page 107 and 108.htm,yes,yes
Vegetables and Vegetable Snacks - Corn Pudding.jpg,vegetables-corn-pudding.jpg,recipe,Vegetables and Vegetable Snacks,Corn Pudding,,96,Page 95 and 96.htm,yes,yes
Vegetables and Vegetable Snacks - Creamed Peas.jpg,vegetables-creamed-peas.jpg,recipe,Vegetables and Vegetable Snacks,Creamed Peas,,97,Page 97 and 98.htm,yes,yes
Vegetables and Vegetable Snacks - Crustless Vegetable Pie.jpg,vegetables-crustless-vegetable-pie.jpg,recipe,Vegetables and Vegetable Snacks,Crustless Vegetable Pie,,99,Page 99 and 100.htm,yes,yes
Vegetables and Vegetable Snacks - Escalloped Corn.jpg,vegetables-escalloped-corn.jpg,recipe,Vegetables and Vegetable Snacks,Escalloped Corn,,98,Page 97 and 98.htm,yes,yes
Vegetables and Vegetable Snacks - Golden Parmesian Potatoes.jpg,vegetables-golden-parmesan-potatoes.jpg,recipe,Vegetables and Vegetable Snacks,Golden Parmesan Potatoes,yes,105,Page 105 and 106.htm,yes,yes
Vegetables and Vegetable Snacks - Hash Brown Casserole.jpg,vegetables-hash-brown-casserole.jpg,recipe,Vegetables and Vegetable Snacks,Hash Brown Casserole,,109,Page 109 and 110.htm,yes,yes
Vegetables and Vegetable Snacks - Hashbrown Casserole.jpg,vegetables-hashbrown-casserole.jpg,recipe,Vegetables and Vegetable Snacks,Hashbrown Casserole,,102,Page 101 and 102.htm,yes,yes
Vegetables and Vegetable Snacks - Ritz Broccoli Casserole.jpg,vegetables-ritz-broccoli-casserole.jpg,recipe,Vegetables and Vegetable Snacks,Ritz Broccoli Casserole,,100,Page 99 and 100.htm,yes,yes
Vegetables and Vegetable Snacks - Scalloped Potatoes.jpg,vegetables-scalloped-potatoes.jpg,recipe,Vegetables and Vegetable Snacks,Scalloped Potatoes,,104,Page 103 and 104.htm,yes,yes
Vegetables and Vegetable Snacks - Table of Contents.jpg,vegetables-table-of-contents.jpg,section table of contents,Vegetables and Vegetable Snacks,Table of Contents,,94,Page 93 and 94.htm,no,yes
Vegetables and Vegetable Snacks - Twice Baked Potatoes.jpg,vegetables-twice-baked-potatoes.jpg,recipe,Vegetables and Vegetable Snacks,Twice Baked Potatoes,,106,Page 105 and 106.htm,yes,yes
Vegetables and Vegetable Snacks - Zucchini Casserole.jpg,vegetables-zucchini-casserole.jpg,recipe,Vegetables and Vegetable Snacks,Zucchini Casserole,,101,Page 101 and 102.htm,yes,yes
